;word;part_of_speech;Pozitivitate;Negativitate;Furie;Anticipare;Dezgust;Frica;Bucurie;Tristete;Surpriza;Incredere;wn_synset_id
2;lovi repetat;Expresie;0;1;1;0;0;1;0;0;0;0;ENG30-01398919-v
128;trimitere în judecată;Expresie;0;1;1;0;0;1;0;1;0;0;DEX
191;lovit în mod repetat;Expresie;0;1;0;0;0;1;0;1;0;0;OTHER
208;în mod voluntar;Expresie;1;0;0;0;0;0;0;0;0;1;DEX
251;dispus să accepte;Expresie;1;0;0;0;0;0;0;0;0;1;OTHER
277;semnal de alarmă;Expresie;0;1;0;0;0;1;0;0;1;0;ENG30-06803157-n
325;a calcula greșit;Expresie;0;1;0;0;0;0;0;0;0;0;OTHER
376;a strica cheful;Expresie;0;1;0;0;0;0;0;0;0;0;DEX
414;da savoare;Expresie;1;0;0;0;0;0;0;0;0;0;ENG30-00560122-v
420;zi de naștere;Expresie;1;0;0;1;0;0;1;0;1;0;ENG30-15250178-n
464;lua apărarea;Expresie;1;0;0;0;0;1;0;0;0;0;ENG30-00895304-v
465;ține partea;Expresie;1;0;0;0;0;1;0;0;0;0;ENG30-00895304-v
481;fără vlagă;Expresie;0;1;0;0;0;0;0;0;0;0;OTHER
497;plin de regrete;Expresie;1;0;0;0;0;0;0;0;0;1;ENG30-01150475-a
498;plin de remușcări;Expresie;1;0;0;0;0;0;0;0;0;1;ENG30-01150475-a
499;plin de căință;Expresie;1;0;0;0;0;0;0;0;0;1;ENG30-01150475-a
500;plin de părere de rău;Expresie;1;0;0;0;0;0;0;0;0;1;ENG30-01150475-a
529;prins în flagrant delict;Expresie;0;1;1;0;0;1;0;0;0;0;DEX
570;depozit de muniții;Expresie;0;0;0;0;0;0;0;0;0;1;ENG30-02743207-n
571;magazie militară;Expresie;0;0;0;0;0;0;0;0;0;1;ENG30-02743207-n
590;grup de oameni;Expresie;1;0;0;0;0;0;0;0;0;1;ENG30-07975026-n
688;cu atenție;Expresie;1;0;0;0;0;0;0;0;0;0;ENG30-00196417-r
705;boală arterială coronariană;Expresie;0;1;0;0;0;1;0;1;0;0;ENG30-14108713-n
706;boală coronariană;Expresie;0;1;0;0;0;1;0;1;0;0;ENG30-14108713-n
764;mers înainte;Expresie;1;0;0;1;0;1;1;0;1;0;ENG30-00249501-n
776;întâmplare fericită;Expresie;1;0;0;0;0;0;1;0;1;0;OTHER
866;copil din flori;Expresie;0;1;0;0;1;0;0;1;0;0;ENG30-09842823-n
878;lichid potabil;Expresie;1;0;0;0;0;0;0;0;0;0;ENG30-07881800-n
914;bibliotecă publică;Expresie;1;0;0;0;0;0;0;0;0;0;ENG30-03660664-n
930;da binecuvântare;Expresie;1;0;0;1;0;0;1;0;0;1;ENG30-00866505-v
945;casa Domnului;Expresie;1;0;0;1;0;0;1;0;0;1;ENG30-03028079-n
987;minge de foc;Expresie;1;0;0;0;0;0;0;0;0;0;
998;casă de prostituție;Expresie;0;1;0;0;1;0;0;0;0;0;ENG30-04581595-n
999;casă de toleranță;Expresie;0;1;0;0;1;0;0;0;0;0;ENG30-04581595-n
1032;tată mare;Expresie;0;0;0;0;0;0;0;0;0;1;ENG30-10142391-n
1037;bunuri de larg consum;Expresie;1;0;0;0;0;0;0;0;0;0;ENG30-03093574-n
1049;trup neînsuflețit;Expresie;0;0;0;0;0;0;0;1;0;0;
1080;calculator de buzunar;Expresie;1;0;0;0;0;0;0;0;0;1;ENG30-02938886-n
1108;prim ministru;Expresie;0;0;0;0;0;0;0;0;0;1;ENG30-09906986-n
1195;al doisprezecelea ceas;Expresie;0;0;0;1;0;1;0;0;0;0;ENG30-15244942-n
1209;rămăşiţe pământeşti;Expresie;0;1;0;0;0;0;0;1;0;0;
1210;boltă cerească;Expresie;1;0;0;0;0;0;0;0;0;0;ENG30-09436708-n
1255;arunca banii pe fereastră;Expresie;0;1;0;0;0;0;0;0;0;0;ENG30-01158181-v
1264;mană cerească;Expresie;1;0;0;0;0;0;1;0;1;0;ENG30-07477587-n
1288;chemare în judecată;Expresie;0;1;0;0;0;0;0;0;0;0;DEX
1323;mari clasici;Expresie;1;0;0;0;0;0;1;0;0;0;
1341;malul mării;Expresie;1;0;0;0;0;0;0;0;0;0;ENG30-09428293-n
1355;forță de legătură;Expresie;0;0;0;0;0;0;0;0;0;1;ENG30-00382109-n
1426;pe de-a-ntregul;Expresie;1;0;0;0;0;0;0;0;0;0;
1462;comutarea pedepsei;Expresie;1;0;0;0;0;0;0;0;0;0;ENG30-06548498-n
1588;simț moral;Expresie;1;0;0;0;0;0;0;0;0;1;ENG30-09184136-n
1589;simț al binelui și al răului;Expresie;1;0;0;0;0;0;0;0;0;1;ENG30-09184136-n
1613;cont bancar;Expresie;0;0;0;0;0;0;0;0;0;1;ENG30-13359690-n
1614;avea încredere;Expresie;1;0;0;0;0;0;0;0;0;1;ENG30-00688377-v
1636;merge înainte;Expresie;1;0;0;1;0;0;0;0;0;1;ENG30-02747922-v
1662;intra în conflict;Expresie;0;1;0;0;0;0;0;0;0;0;ENG30-02567147-v
1671;prinde contur;Expresie;1;0;0;0;0;0;0;0;0;0;ENG30-02623906-v
1672;prinde formă;Expresie;1;0;0;0;0;0;0;0;0;0;ENG30-02623906-v
1696;uni forțele;Expresie;1;0;0;0;0;0;0;0;0;0;ENG30-02416278-v
1777;pune coarne;Expresie;0;1;1;0;0;0;0;1;0;0;ENG30-02576503-v
1781;fără milă;Expresie;0;1;1;0;0;1;0;0;0;0;ENG30-01507402-a
1794;dus cu pluta;Expresie;0;1;0;0;0;0;0;0;0;0;
1804;culoare în obraji;Expresie;1;0;0;0;0;0;0;0;0;0;
1817;în necunoștință de cauză;Expresie;0;1;0;0;0;0;0;0;0;0;DEX
1820;roșu de furie;Expresie;0;1;1;0;0;0;0;0;0;0;OTHER
1832;tărie sufletească;Expresie;1;0;0;0;0;0;0;0;0;0;
1853;curățenie sufletească;Expresie;1;0;0;0;0;0;0;0;0;0;ENG30-13990389-n
1855;lua cureaua la;Expresie;0;1;1;0;0;1;0;0;0;0;OTHER
1859;factor poștal;Expresie;0;0;0;0;0;0;0;0;0;1;ENG30-10283037-n
1862;accident cerebral;Expresie;0;1;0;0;0;1;0;1;0;0;ENG30-14082303-n
1866;ictus apoplectic;Expresie;0;1;0;0;0;1;0;1;0;0;ENG30-14082303-n
1867;face curte;Expresie;1;0;0;1;0;0;1;0;0;1;DEX
1872;femeie de stradă;Expresie;0;1;0;0;1;0;0;0;0;0;ENG30-10485440-n
1909;de felicitare;Expresie;1;0;0;0;0;0;1;0;0;0;
1999;face plăcere;Expresie;1;0;0;0;0;0;1;0;0;0;ENG30-01815628-v
2019;cu resemnare;Expresie;0;1;0;0;0;0;0;1;0;0;ENG30-00441740-r
2026;duh rău;Expresie;0;1;1;0;1;1;0;0;0;0;DEX
2039;depăși așteptările;Expresie;1;0;0;1;0;0;1;0;0;0;DEX
2070;întors pe dos;Expresie;0;1;0;0;0;0;0;1;0;0;DEX
2211;de prost gust;Expresie;0;1;0;0;1;0;0;0;0;0;ENG30-00400722-r
2291;cu pumnul în masă;Expresie;0;1;1;0;0;1;0;0;0;0;DEX
2314;dispărea ca prin farmec;Expresie;0;0;0;0;0;0;0;0;1;0;DEX
2319;face nevăzut;Expresie;0;1;0;0;0;1;0;1;1;0;DEX
2324;lipsă de respect;Expresie;0;1;1;0;1;1;0;0;0;0;ENG30-04915687-n
2365;face o digresiune;Expresie;0;1;0;1;0;0;0;0;0;0;ENG30-00780575-v
2384;vânător de fuste;Expresie;0;1;0;0;0;0;0;0;0;0;ENG30-10787197-n
2389;ține sub papuc;Expresie;0;1;0;0;0;1;0;0;0;0;ENG30-02646931-v
2406;aspru încercat;Expresie;0;1;0;0;0;0;0;1;0;0;
2408;de dragul;Expresie;1;0;0;0;0;0;0;0;0;0;ENG30-05143077-n
2504;da afară;Expresie;0;1;1;0;0;0;0;1;0;0;ENG30-02403537-v
2506;pune pe liber;Expresie;0;1;1;0;0;0;0;1;0;0;ENG30-02403537-v
2507;face vânt;Expresie;0;1;1;0;0;0;0;1;0;0;ENG30-02403537-v
2552;pune capăt;Expresie;0;1;1;0;0;0;0;0;0;0;ENG30-00355038-v
2601;da afară din casă;Expresie;0;1;1;0;1;1;0;1;0;0;DEX
2635;lua foc;Expresie;0;1;1;0;0;1;0;0;0;0;ENG30-01795428-v
2636;și ieși din fire;Expresie;0;1;1;0;0;1;0;0;0;0;ENG30-01795428-v
2637;ieși la pepeni;Expresie;0;1;1;0;0;1;0;0;0;0;ENG30-01795428-v
2656;materie fecală;Expresie;0;1;0;0;1;0;0;0;0;0;ENG30-14854262-n
2721;cadru universitar;Expresie;1;0;0;0;0;0;0;0;0;1;ENG30-09759069-n
2722;profesor universitar;Expresie;1;0;0;0;0;0;0;0;0;1;ENG30-09759069-n
2798;de bun augur;Expresie;1;0;0;1;0;0;1;0;1;1;ENG30-00177547-a
2802;cu febrilitate;Expresie;0;1;0;0;0;0;0;0;0;0;ENG30-00141485-r
2835;orânduire feudală;Expresie;0;1;1;0;0;0;0;1;0;0;ENG30-07972425-n
2836;societate feudală;Expresie;0;1;1;0;0;0;0;1;0;0;ENG30-07972425-n
2860;ultimă sută de metri;Expresie;0;0;0;1;0;0;0;0;0;0;ENG30-15257692-n
2875;strigător la cer;Expresie;0;1;1;0;1;0;0;0;0;0;ENG30-00253498-r
2931;frate bun;Expresie;1;0;0;0;0;0;0;0;0;1;ENG30-09876454-n
2932;frate adevărat;Expresie;1;0;0;0;0;0;0;0;0;1;ENG30-09876454-n
2949;pasă proastă;Expresie;0;1;0;0;0;0;0;1;0;0;DEX
2976;câștiga pâinea;Expresie;1;0;0;0;0;0;0;0;0;1;DEX
2997;încărca stomacul;Expresie;0;1;0;0;0;0;0;0;0;0;DEX
3001;barcă de salvare;Expresie;1;0;0;0;0;0;0;0;0;0;ENG30-03662601-n
3042;întinde o cursă;Expresie;0;1;0;0;0;0;0;0;1;0;DEX
3053;în grabă;Expresie;0;1;0;1;0;0;0;0;0;0;ENG30-00206479-r
3055;grad academic onorofic;Expresie;1;0;0;0;0;0;0;0;0;0;ENG30-06705079-n
3056;titlu academic onorific;Expresie;1;0;0;0;0;0;0;0;0;0;ENG30-06705079-n
3106;fi groază de;Expresie;0;1;0;1;0;1;0;0;0;0;
3123;gură căscată;Expresie;0;1;0;0;0;0;0;0;0;0;ENG30-09877587-n
3140;matca focului;Expresie;0;1;1;0;1;1;0;1;0;0;ENG30-05629682-n
3180;fi în beznă;Expresie;0;1;0;0;0;0;0;0;0;0;ENG30-00595505-v
3196;strânge în brațe;Expresie;1;0;0;0;0;0;1;0;0;1;ENG30-01425511-v
3199;strângere în brațe;Expresie;1;0;0;0;0;0;1;0;0;1;ENG30-00417397-n
3212;fi de acord;Expresie;1;0;0;0;0;0;0;0;0;1;ENG30-01063930-v
3214;punct mort;Expresie;0;1;0;0;0;0;0;0;0;0;ENG30-14015361-n
3235;în fața;Expresie;1;0;0;0;0;0;0;0;0;0;ENG30-00067513-r
3238;în spate;Expresie;0;1;0;0;0;0;0;0;0;0;ENG30-00074407-r
3239;în urmă;Expresie;0;1;0;0;0;0;0;0;0;0;ENG30-00074407-r
3287;avea încredere;Expresie;0;0;0;0;0;0;0;0;0;1;ENG30-02481819-v
3293;lăsa pe mâna;Expresie;0;0;0;0;0;0;0;0;0;1;ENG30-02362916-v
3317;da avânt;Expresie;1;0;0;0;0;0;1;0;0;1;ENG30-02554922-v
3400;căzut pe gânduri;Expresie;0;0;0;0;0;0;0;1;0;0;ENG30-02419159-a
3424;pune coarne;Expresie;0;1;1;0;1;0;0;1;0;0;ENG30-02576503-v
3429;trage pe sfoară;Expresie;0;1;1;0;0;0;0;0;0;0;ENG30-02572119-v
3469;activitate educațională;Expresie;1;0;0;0;0;0;0;0;0;1;ENG30-00883297-n
3482;luare în posesie;Expresie;0;1;0;0;0;0;0;0;0;0;ENG30-00083975-n
3483;cădea ghinionul;Expresie;0;1;0;0;0;1;0;1;1;0;
3514;trage cu urechea;Expresie;0;1;0;0;0;0;0;0;0;0;ENG30-02189168-v
3611;mustrare de conștiință;Expresie;1;0;0;0;1;0;0;1;0;0;ENG30-07536074-n
3617;prinde în capcană;Expresie;0;1;0;1;0;1;0;0;1;0;ENG30-02578008-v
3687;da aere;Expresie;0;1;0;0;0;0;0;0;0;0;ENG30-00883226-v
3688;da ifose;Expresie;0;1;0;0;0;0;0;0;0;0;ENG30-00883226-v
3700;casă de copii;Expresie;0;0;0;0;0;0;0;1;0;0;ENG30-03856012-n
3729;licărire de speranță;Expresie;1;0;0;1;0;0;1;0;1;0;DEX
3763;lovi cu pumnul;Expresie;0;1;1;0;0;0;0;0;0;0;ENG30-01412759-v
3764;da un pumn;Expresie;0;1;1;0;0;0;0;0;0;0;ENG30-01412759-v
3801;nu zice nici pâs;Expresie;0;1;0;0;0;1;0;0;0;0;DEX
3813;om de paie;Expresie;0;1;0;0;0;0;0;0;0;0;ENG30-09976551-n
3831;martor ocular;Expresie;0;0;0;0;0;0;0;0;0;1;ENG30-10786033-n
3855;da nuiele;Expresie;0;1;1;0;0;1;0;0;0;0;DEX
3932;fără scrupule;Expresie;0;1;1;0;1;0;0;1;0;0;ENG30-10522324-n
3960;țintă falsă;Expresie;0;0;0;0;0;0;0;0;1;0;
3973;bun simț;Expresie;1;0;0;0;0;0;0;0;0;0;ENG30-05615147-n
4018;da năvală;Expresie;0;0;1;0;0;0;0;0;1;0;ENG30-01126051-v
4165;din întâmplare;Expresie;0;0;0;0;0;0;0;0;1;0;ENG30-00420004-r
4217;avea succes;Expresie;1;0;0;0;0;0;1;0;0;1;DEX
4238;ofițer militar;Expresie;1;0;0;0;0;0;0;0;0;1;ENG30-10317007-n
4263;uita urât la;Expresie;0;1;1;0;0;1;0;0;0;0;DEX
4268;parotidită epidemică;Expresie;0;1;0;0;0;0;0;0;0;0;ENG30-14138178-n
4285;păcat că;Expresie;0;1;0;0;0;0;0;1;0;0;DEX
4286;păcat de;Expresie;0;1;0;0;0;0;0;1;0;0;DEX
4301;alb la față;Expresie;0;1;0;0;0;1;0;1;0;0;DEX
4303;trage cu urechea;Expresie;0;1;0;0;0;0;0;0;0;0;DEX
4329;lăsa semne;Expresie;0;1;0;0;0;0;0;0;0;0;ENG30-01531998-v
4330;lăsa urme;Expresie;0;1;0;0;0;0;0;0;0;0;ENG30-01531998-v
4376;cu perseverență;Expresie;1;0;0;0;0;0;0;0;0;0;ENG30-00272435-r
4411;deschizător de drum;Expresie;1;0;0;0;0;0;0;0;0;0;ENG30-10434725-n
4430;zi de salariu;Expresie;1;0;0;1;0;0;1;0;0;1;ENG30-15172782-n
4431;zi de salar;Expresie;1;0;0;1;0;0;1;0;0;1;ENG30-15172782-n
4432;zi de leafă;Expresie;1;0;0;1;0;0;1;0;0;1;ENG30-15172782-n
4560;moment prezent;Expresie;1;0;0;1;0;0;1;0;1;1;ENG30-15120050-n
4561;momentul de față;Expresie;1;0;0;1;0;0;1;0;1;1;ENG30-15120050-n
4564;prezență de spirit;Expresie;1;0;0;0;0;0;0;0;0;0;ENG30-04862747-n
4583;pune mâna;Expresie;0;0;0;0;0;1;0;0;0;0;ENG30-01215421-v
4612;prognoză meteo;Expresie;0;0;0;1;0;0;0;0;0;1;ENG30-06749729-n
4626;drept de proprietate;Expresie;1;0;0;0;0;0;0;0;0;0;ENG30-13241057-n
4637;de aur;Expresie;1;0;0;0;0;0;1;0;0;0;ENG30-01149195-a
4716;bine făcut;Expresie;1;0;0;0;0;0;0;0;0;1;ENG30-02321809-a
4732;putrezi în închisoare;Expresie;0;1;0;0;1;1;0;1;0;0;ENG30-00093775-v
4750;da de furcă;Expresie;0;1;1;0;0;0;0;0;0;0;DEX
4794;stare de război;Expresie;0;1;0;0;0;1;0;0;0;0;ENG30-13981403-n
4854;tăia vorba;Expresie;0;1;1;0;0;0;0;0;0;0;DEX
4855;reteza vorba;Expresie;0;1;1;0;0;0;0;0;0;0;DEX
4868;părere de rău;Expresie;0;1;0;0;0;0;0;1;0;0;ENG30-07534430-n
4894;ține minte;Expresie;0;0;0;0;0;0;0;0;0;1;ENG30-00610010-v
4948;face o rugăciune;Expresie;1;0;0;1;0;1;1;0;1;1;ENG30-00759944-v
4992;în formă;Expresie;1;0;0;0;0;0;0;0;0;0;ENG30-01017161-a
5004;sări de bucurie;Expresie;1;0;0;0;0;0;1;0;0;0;ENG30-01813668-v
5005;fi în al nouălea cer;Expresie;1;0;0;0;0;0;1;0;0;0;ENG30-01813668-v
5050;cere iertare;Expresie;1;0;0;0;0;0;0;1;0;1;DEX
5053;văl de mister;Expresie;0;0;0;0;0;0;0;0;1;1;
5061;cod numeric;Expresie;0;0;0;0;0;0;0;0;0;1;ENG30-06425065-n
5067;servi în armată;Expresie;1;0;0;0;0;0;0;0;0;1;ENG30-02411621-v
5156;rază de soare;Expresie;1;0;0;0;0;0;1;0;0;0;ENG30-11485582-n
5191;rupe spatele;Expresie;0;1;0;0;0;0;0;0;0;0;ENG30-02421199-v
5201;simț practic;Expresie;1;0;0;0;0;0;0;0;0;0;DEX
5211;apă de ploaie;Expresie;0;1;0;0;0;0;0;0;0;0;DEX
5230;o șterge;Expresie;0;1;0;0;0;1;0;0;0;0;ENG30-02010864-v
5231;șterge putina;Expresie;0;1;0;0;0;1;0;0;0;0;ENG30-02010864-v
5301;cu miez;Expresie;1;0;0;0;0;0;0;0;0;0;ENG30-01497245-a
5314;da pe gât;Expresie;0;1;0;0;0;0;0;0;0;0;ENG30-01169433-v
5315;trage la măsea;Expresie;0;1;0;0;0;0;0;0;0;0;ENG30-01169433-v
5378;persoană tânără;Expresie;1;0;0;0;0;0;1;0;0;0;ENG30-10804406-n
5399;în vogă;Expresie;1;0;0;0;0;0;0;0;0;0;
5417;nu își găsi locul;Expresie;0;1;0;0;0;1;0;0;0;0;DEX
5418;nu își afla locul;Expresie;0;1;0;0;0;1;0;0;0;0;DEX
5496;pune umărul;Expresie;1;0;0;0;0;0;0;0;0;1;DEX
5565;bine dispus;Expresie;1;0;0;0;0;0;1;0;0;0;ENG30-00362467-a
5569;bună dispoziție;Expresie;1;0;0;1;0;0;1;0;0;1;ENG30-04634161-n
5574;voie bună;Expresie;1;0;0;1;0;0;1;0;0;1;ENG30-04634161-n
5593;stare de alertă;Expresie;1;0;0;1;0;1;0;0;1;0;ENG30-14036043-n
5617;Baba Cloanța;Expresie;0;1;0;0;1;1;0;0;0;0;BILI-00000141
5630;fără rost;Expresie;0;1;0;0;0;0;0;1;0;0;ENG30-01497736-a
5653;zi de zi;Expresie;0;0;0;1;0;0;0;0;0;0;ENG30-01968165-a
5707;anhidridă arsenioasă;Expresie;0;1;0;0;1;1;0;1;0;0;ENG30-14629149-n
5709;trioxid de arsen;Expresie;0;1;0;0;1;1;0;1;0;0;ENG30-14629149-n
5808;consiliu de miniștri;Expresie;0;0;0;0;0;0;0;0;0;1;ENG30-08381820-n
5811;mireasa Domnului;Expresie;1;0;0;0;0;0;0;0;0;1;ENG30-10368009-n
5812;mireasa lui Dumnezeu;Expresie;1;0;0;0;0;0;0;0;0;1;ENG30-10368009-n
5827;animal carnivor;Expresie;0;0;0;0;0;1;0;0;0;0;ENG30-02075296-n
5852;urs grizzly;Expresie;0;0;0;0;0;1;0;0;0;0;ENG30-02132580-n
5862;piatră de încercare;Expresie;0;1;1;0;0;1;0;0;1;0;ENG30-04345915-n
5867;ciocolată caldă;Expresie;1;0;0;1;0;0;1;0;0;0;ENG30-07922764-n
5872;trage clapa;Expresie;0;1;1;0;0;0;0;0;0;0;DEX
5877;ieși din cochilie;Expresie;0;1;0;0;0;1;0;0;1;0;DEX
5900;Congresul Statelor Unite;Expresie;0;0;0;0;0;0;0;0;0;1;ENG30-08161757-n
5901;Congresul Statelor Unite ale Americii;Expresie;0;0;0;0;0;0;0;0;0;1;ENG30-08161757-n
5902;Congresul SUA;Expresie;0;0;0;0;0;0;0;0;0;1;ENG30-08161757-n
5903;Congresul S.U.A.;Expresie;0;0;0;0;0;0;0;0;0;1;ENG30-08161757-n
5939;cădea de acord;Expresie;1;0;0;0;0;0;0;0;0;0;ENG30-00764032-v
5974;da vânt;Expresie;0;1;1;0;0;0;0;0;0;0;ENG30-00113726-n
5975;da brânci;Expresie;0;1;1;0;0;0;0;0;0;0;ENG30-00113726-n
5982;credincios practicant;Expresie;0;0;0;0;0;0;0;0;0;1;ENG30-09922485-n
5995;punct culminant;Expresie;0;0;0;1;0;0;0;0;0;0;ENG30-15291199-n
6024;cutremur de pământ;Expresie;0;1;0;0;0;1;0;1;1;0;ENG30-07428954-n
6120;face silă;Expresie;0;1;0;0;1;0;0;0;0;0;DEX
6139;azil politic;Expresie;0;1;0;0;0;1;0;0;0;1;DEX
6150;diagnostic medical;Expresie;0;0;0;1;0;1;0;0;0;1;ENG30-00153105-n
6168;regim alimentar;Expresie;0;0;0;1;0;0;0;0;0;0;ENG30-01070187-n
6194;disident politic;Expresie;0;0;1;0;0;1;0;0;0;0;ENG30-10018532-n
6209;privi de sus;Expresie;0;1;0;0;1;0;0;0;0;0;DEX
6259;senzație dureroasă;Expresie;0;1;0;0;0;0;0;0;0;0;ENG30-05724694-n
6298;boala copiilor;Expresie;0;1;0;0;0;1;0;1;0;0;ENG30-14086143-n
6312;pune etichetă;Expresie;0;1;0;0;0;0;0;0;0;0;ENG30-01031109-v
6313;gaze de eșapament;Expresie;0;1;0;0;1;0;0;0;0;0;ENG30-14837364-n
6361;pedeapsă capitală;Expresie;0;1;1;0;0;1;0;1;0;0;ENG30-01163779-n
6362;pedeapsă cu moartea;Expresie;0;1;1;0;0;1;0;1;0;0;ENG30-01163779-n
6364;imaginație creatoare;Expresie;1;0;0;0;0;0;1;0;0;0;ENG30-05633672-n
6448;unitate navală;Expresie;1;0;0;0;0;0;0;0;0;0;ENG30-08191532-n
6484;pas greșit;Expresie;0;1;0;0;0;0;0;1;0;0;ENG30-00076196-n
6557;cu brațele deschise;Expresie;1;0;0;1;0;0;1;0;0;1;ENG30-00494948-r
6558;cu toată inima;Expresie;1;0;0;1;0;0;1;0;0;1;ENG30-00494948-r
6597;împăca cu;Expresie;1;0;0;1;0;0;1;0;0;0;DEX
6616;plin de sine;Expresie;0;1;1;0;1;0;0;0;0;0;ENG30-00589448-a
6638;sfâșia inima;Expresie;0;1;0;0;0;0;0;1;0;0;ENG30-01797582-v
6668;de temut;Expresie;0;1;0;0;1;1;0;1;0;0;ENG30-00193799-a
6709;întârziere mintală;Expresie;0;1;0;0;0;0;0;1;0;0;MED
6713;avea de gând;Expresie;0;0;0;1;0;0;0;0;0;1;ENG30-00708538-v
6751;realizare remarcabilă;Expresie;1;0;0;1;0;0;1;0;0;0;ENG30-00036762-n
6779;concediu de odihnă;Expresie;1;0;0;1;0;0;1;0;0;0;ENG30-15139018-n
6809;lovitură de stat;Expresie;0;1;1;0;0;0;0;0;1;0;ENG30-01145015-n
6845;șef de echipă;Expresie;1;0;0;0;0;0;0;0;0;1;ENG30-10119874-n
6916;da colțul;Expresie;0;1;0;0;0;1;0;1;0;0;ENG30-00358431-v
6917;înghiți gutuia;Expresie;0;1;0;0;0;1;0;1;0;0;ENG30-00358431-v
6918;o mierli;Expresie;0;1;0;0;0;1;0;1;0;0;ENG30-00358431-v
6931;spune gogoși;Expresie;0;1;1;0;0;0;0;0;0;0;ENG30-00835294-v
6990;băga în datorii;Expresie;0;1;1;0;0;1;0;1;0;0;DEX
7000;intervenție chirurgicală;Expresie;0;0;0;0;0;1;0;0;0;1;ENG30-00671351-n
7012;la revedere;Expresie;0;0;0;1;0;0;0;0;0;0;ENG30-06629610-n
7015;tratat de pace;Expresie;1;0;0;1;0;0;1;0;0;1;ENG30-06773976-n
7021;pune la zid;Expresie;0;1;1;0;0;1;0;1;0;0;DEX
7025;bun rămas;Expresie;0;1;0;0;0;0;0;1;0;0;ENG30-06629392-n
7026;rămas bun;Expresie;0;1;0;0;0;0;0;1;0;0;ENG30-06629392-n
7027;numai bine;Expresie;0;1;0;0;0;0;0;1;0;0;ENG30-06629392-n
7028;cu bine;Expresie;0;1;0;0;0;0;0;1;0;0;ENG30-06629392-n
7049;duce dorul;Expresie;0;0;0;0;0;0;0;1;0;0;DEX
7060;poliță de asigurare;Expresie;1;0;0;0;0;0;0;0;0;1;ENG30-06523641-n
7074;postul mare;Expresie;0;0;0;0;0;0;0;1;0;0;ENG30-15242029-n
7113;desenator tehnic;Expresie;1;0;0;0;0;0;0;0;0;1;ENG30-10029269-n
7129;băgare de seamă;Expresie;0;0;0;1;0;1;0;0;0;0;ENG30-04664314-n
7172;pe arătură;Expresie;0;1;0;0;0;1;0;0;0;0;ENG30-00293077-r
7219;da binețe;Expresie;1;0;0;0;0;0;0;0;0;0;ENG30-00899597-v
7224;sete de sânge;Expresie;0;1;1;0;1;1;0;0;0;0;ENG30-07485203-n
7243;om de știință;Expresie;1;0;0;0;0;0;0;0;0;1;ENG30-10560637-n
7267;duce de nas;Expresie;0;1;1;0;0;0;0;0;0;0;ENG30-00839194-v
7268;trage pe sfoară;Expresie;0;1;1;0;0;0;0;0;0;0;ENG30-00839194-v
7269;arunca praf în ochi;Expresie;0;1;1;0;0;0;0;0;0;0;ENG30-00839194-v
7274;șef de trib;Expresie;1;0;0;0;0;0;0;0;0;1;ENG30-10164025-n
7279;pace sufletească;Expresie;1;0;0;1;0;0;1;0;0;1;ENG30-07515790-n
7281;liniște sufletească;Expresie;1;0;0;1;0;0;1;0;0;1;ENG30-07515790-n
7286;lipsă de respect;Expresie;0;1;1;0;1;1;0;0;0;0;ENG30-04915687-n
7326;hrană spirituală;Expresie;1;0;0;0;0;0;1;0;0;0;ENG30-05811214-n
7331;așeza la casa lui;Expresie;1;0;0;0;0;0;1;0;0;1;DEX
7392;pe neașteptate;Expresie;0;0;0;0;0;0;0;0;1;0;ENG30-00040719-r
7470;A Doua Venire;Expresie;1;0;0;1;0;0;1;0;0;1;ENG30-07322550-n
7484;voie bună;Expresie;1;0;0;1;0;0;1;0;0;1;ENG30-07530478-n
7485;bună dispoziție;Expresie;1;0;0;1;0;0;1;0;0;1;ENG30-07530478-n
7526;tragere de inimă;Expresie;1;0;0;1;0;0;1;0;0;1;ENG30-04835724-n
7542;bun venit;Expresie;1;0;0;0;0;0;1;0;0;0;OTHER
7547;da afară;Expresie;0;1;1;0;0;0;0;1;0;0;ENG30-02403537-v
7549;pune pe liber;Expresie;0;1;1;0;0;0;0;1;0;0;ENG30-02403537-v
7550;face vânt;Expresie;0;1;1;0;0;0;0;1;0;0;ENG30-02403537-v
7572;pierde cunoștința;Expresie;0;1;0;0;0;1;0;1;0;0;ENG30-00023646-v
7574;pune bețe în roate;Expresie;0;1;1;0;0;0;0;0;0;0;ENG30-02558172-v
7582;nou născut;Expresie;1;0;0;0;0;0;1;0;0;0;ENG30-09827683-n
7605;vedea roșu în fața ochilor;Expresie;0;1;1;0;0;0;0;0;0;0;DEX
7606;forță morală;Expresie;1;0;0;0;0;0;0;0;0;1;DEX
7607;tărie de caracter;Expresie;1;0;0;0;0;0;0;0;0;1;DEX
7610;cuvânt de onoare;Expresie;1;0;0;1;0;0;0;0;0;1;ENG30-07227301-n
7634;întors pe dos;Expresie;0;1;1;0;0;0;0;0;0;0;DEX
7636;bătaie de cap;Expresie;0;1;0;0;0;0;0;0;0;0;DEX
7649;rupe inima;Expresie;0;1;0;0;0;0;0;1;0;0;DEX
7650;cu brațele deschise;Expresie;1;0;0;1;0;0;1;0;0;0;ENG30-00494948-r
7651;cu toată inima;Expresie;1;0;0;1;0;0;1;0;0;0;ENG30-00494948-r
7657;în silă;Expresie;0;1;1;0;0;0;0;0;0;0;ENG30-00091259-r
7658;fără tragere de inimă;Expresie;0;1;1;0;0;0;0;0;0;0;ENG30-00091259-r
7680;induce în eroare;Expresie;0;1;1;0;0;0;0;0;1;0;DEX
7683;e lumea mai dragă;Expresie;0;1;0;0;0;1;0;0;1;0;DEX
7684;în dragul lelii;Expresie;0;1;1;0;0;0;0;0;0;0;DEX
7685;drag ca sarea din ochi;Expresie;0;1;1;0;1;0;0;0;0;0;DEX
7686;drag ca ochii din cap;Expresie;1;0;0;0;0;0;1;0;0;1;DEX
7687;mai mare dragul;Expresie;1;0;0;0;0;0;1;0;0;0;DEX
7694;călca drept;Expresie;1;0;0;0;0;0;0;0;0;1;DEX
7695;păși cu dreptul;Expresie;1;0;0;0;0;0;0;0;0;1;DEX
7696;călca cu dreptul;Expresie;1;0;0;0;0;0;0;0;0;1;DEX
7697;porni cu dreptul;Expresie;1;0;0;0;0;0;0;0;0;1;DEX
7698;lumea celor drepți;Expresie;0;0;0;0;0;1;0;1;0;0;DEX
7699;mâna dreaptă;Expresie;0;0;0;0;0;0;0;0;0;1;DEX
7700;poziție de drepți;Expresie;0;0;0;0;0;1;0;0;0;0;DEX
7712;fugă de realitate;Expresie;0;1;0;0;0;1;0;1;0;0;ENG30-00429440-n
7718;mirosi urât;Expresie;0;1;0;0;1;0;0;0;0;0;ENG30-02124106-v
7737;acces de furie;Expresie;0;1;1;0;0;0;0;0;0;0;DEX
7738;acces de nervi;Expresie;0;1;1;0;0;0;0;0;0;0;DEX
7745;împărți pâinea;Expresie;1;0;0;0;0;0;1;0;0;0;ENG30-01172545-v
7746;bun ca pâinea caldă;Expresie;1;0;0;1;0;0;1;0;0;0;DEX
7747;trăi cu pâine și apă;Expresie;0;1;0;1;0;0;0;1;0;0;DEX
7748;lua pâinea de la gură;Expresie;0;1;1;0;0;0;0;1;0;0;DEX
7749;jaf armat;Expresie;0;1;1;1;0;1;0;1;0;0;ENG30-00781912-n
7750;colac de salvare;Expresie;1;0;0;1;0;0;0;0;0;1;ENG30-03662719-n
7751;plută de salvare;Expresie;1;0;0;1;0;0;0;0;0;1;ENG30-03663781-n
7752;vestă de salvare;Expresie;1;0;0;0;0;0;0;0;0;1;ENG30-03662887-n
7757;prinde în cursă;Expresie;0;1;0;1;0;0;0;0;0;0;ENG30-00783042-v
7758;prinde în laț;Expresie;0;1;0;1;0;0;0;0;0;0;ENG30-00783042-v
7759;prinde în capcană;Expresie;0;1;0;1;0;0;0;0;0;0;ENG30-00783042-v
7760;cădea în cursă;Expresie;0;1;0;0;0;1;0;1;1;0;DEX
7761;în van;Expresie;0;1;0;0;0;0;0;1;0;0;ENG30-00167920-r
7763;în zadar;Expresie;0;1;0;0;0;0;0;1;0;0;ENG30-00167920-r
7772;arunca bani pe fereastră;Expresie;0;1;0;0;0;0;0;0;0;0;DEX
7773;se face praf și pulbere;Expresie;0;1;1;1;0;1;0;1;0;0;DEX
7774;alege praful;Expresie;0;1;0;0;0;1;0;1;0;0;DEX
7775;intra în belea;Expresie;0;1;0;0;0;1;0;0;0;0;DEX
7776;da de bucluc;Expresie;0;1;0;0;0;1;0;0;0;0;DEX
7781;nod în gât;Expresie;0;0;0;0;0;1;0;0;0;0;DEX
7782;nod în papură;Expresie;0;1;1;0;0;0;0;0;0;0;DEX
7783;înghiți în sec;Expresie;0;1;0;0;0;0;0;0;0;0;DEX
7784;piatră funerară;Expresie;0;1;0;0;0;0;0;1;0;0;DEX
7785;capelă funerară;Expresie;0;1;0;0;0;0;0;1;0;0;ENG30-03402941-n
7786;loc de veci;Expresie;0;1;0;1;0;0;0;1;0;0;DEX
7787;scoate sufletul;Expresie;0;1;0;0;0;0;0;0;0;0;DEX
7788;scoate din sărite;Expresie;0;1;1;0;0;0;0;0;0;0;DEX
7789;scoate din fire;Expresie;0;1;1;0;0;0;0;0;0;0;DEX
7790;scoate din răbdări;Expresie;0;1;1;0;0;0;0;0;0;0;DEX
7791;scoate un strigăt;Expresie;0;1;0;0;0;1;0;0;0;0;DEX
7793;arunca prosopul;Expresie;0;1;0;1;0;0;0;1;0;0;ENG30-01083044-v
7797;culca pe lauri;Expresie;0;1;0;0;0;0;0;1;0;0;DEX
7798;culege lauri;Expresie;1;0;0;1;0;0;1;0;0;0;DEX
7800;cunună de lauri;Expresie;1;0;0;0;0;0;1;0;0;0;ENG30-03648804-n
7801;coroană de lauri;Expresie;1;0;0;0;0;0;1;0;0;0;ENG30-03648804-n
7810;linge pe degete;Expresie;1;0;0;0;0;0;1;0;0;0;DEX
7811;linge-blide;Expresie;0;1;1;0;0;0;0;0;0;0;DEX
7812;linge pe bot;Expresie;0;1;1;0;0;0;0;1;0;0;DEX
7813;șterge pe bot;Expresie;0;1;1;0;0;0;0;1;0;0;DEX
7814;da peste bot;Expresie;0;1;1;1;0;0;0;0;1;0;DEX
7815;pune cu botul pe labe;Expresie;0;1;1;0;1;1;0;0;0;0;DEX
7816;avea caș la bot;Expresie;0;1;0;0;0;0;0;0;0;0;DEX
7817;băga botul peste tot;Expresie;0;1;1;0;1;0;0;0;0;0;DEX
7818;băga nasul peste tot;Expresie;0;1;1;0;1;0;0;0;0;0;DEX
7819;face bot;Expresie;0;1;0;0;0;0;0;1;0;0;DEX
7820;da bot în bot;Expresie;0;0;0;0;0;0;0;0;1;0;DEX
7821;bot-gros;Expresie;0;1;1;0;1;0;0;0;1;0;DEX
7824;mare industriaș;Expresie;1;1;0;0;0;1;0;0;0;0;ENG30-09840217-n
7833;deveni mamă;Expresie;1;0;0;1;0;0;1;0;0;0;OTHER
7834;ca la mama acasă;Expresie;1;0;0;0;0;0;1;0;1;0;ENG30-08559766-n
7835;mama-dracului;Expresie;0;1;1;0;0;0;0;0;0;0;DEX
7836;muma pădurii;Expresie;0;1;0;0;1;1;0;0;0;0;DEX
7837;mamă de bătaie;Expresie;0;1;1;1;0;1;0;0;0;0;DEX
7838;ține de fusta mamei;Expresie;0;1;0;0;0;0;0;0;0;0;DEX
7839;mama pădurii;Expresie;0;1;0;0;1;1;0;0;0;0;DEX
7840;tăcea ca un porc în păpușoi;Expresie;0;1;0;0;0;1;0;0;0;0;DEX
7841;tăcea mâlc;Expresie;0;1;0;0;0;1;0;0;0;0;DEX
7842;tăcea chitic;Expresie;0;1;0;0;0;1;0;0;0;0;DEX
7843;tace și face;Expresie;1;0;0;0;0;0;0;0;0;0;DEX
7844;tace și coace;Expresie;0;1;0;1;0;1;0;0;0;0;DEX
7845;lovi damblaua;Expresie;0;1;0;0;0;1;0;1;0;0;DEX
7846;apuca damblaua;Expresie;0;1;1;0;0;0;0;0;0;0;DEX
7847;apuca dracii;Expresie;0;1;1;0;0;0;0;0;0;0;DEX
7856;face ochii mari;Expresie;0;0;0;0;0;0;0;0;1;1;DEX
7857;face ochii cât cepele;Expresie;0;0;0;0;0;0;0;0;1;1;DEX
7858;lăsa mare și devreme;Expresie;0;1;0;0;0;0;0;1;0;0;DEX
7859;lăsa cu gura căscată;Expresie;0;0;0;0;0;0;0;0;1;0;DEX
7860;rămâne cu gura căscată;Expresie;0;0;0;0;0;0;0;0;1;0;DEX
7861;sta cu gura căscată;Expresie;0;0;0;0;0;0;0;0;1;0;DEX
7862;privi cu gura căscată;Expresie;0;0;0;0;0;0;0;0;1;0;DEX
7863;fi cu capul mare;Expresie;0;1;1;0;1;0;0;0;0;0;DEX
7864;umbla cu capul mare;Expresie;0;1;1;0;1;0;0;0;0;0;DEX
7865;vorbi în gura mare;Expresie;0;1;0;0;0;0;0;0;0;0;DEX
7866;striga în gura mare;Expresie;0;1;0;0;0;0;0;0;0;0;DEX
7867;fi cu gura mare;Expresie;0;1;0;0;0;0;0;0;0;0;DEX
7868;face mare;Expresie;1;0;0;1;0;0;1;0;0;0;DEX
7869;la mai mare;Expresie;1;0;0;1;0;0;1;0;0;0;DEX
7870;rămâne afiș;Expresie;0;0;0;0;0;0;0;0;1;0;DEX
7871;rămâne tablou;Expresie;0;0;0;0;0;0;0;0;1;0;DEX
7872;rămâne mască;Expresie;0;0;0;0;0;0;0;0;1;0;DEX
7880;da cu bâta-n baltă;Expresie;0;1;0;0;0;0;0;0;1;0;DEX
7881;lăsa baltă;Expresie;0;1;0;0;0;0;0;1;0;0;DEX
7882;cădea în capcană;Expresie;0;1;0;0;0;1;0;1;1;0;DEX
7883;moară stricată;Expresie;0;1;0;0;0;0;0;0;0;0;DEX
7903;se îneca în datorii;Expresie;0;1;0;0;0;1;0;1;0;0;DEX
7904;îngloda în datorii;Expresie;0;1;1;0;0;1;0;1;0;0;DEX
7905;încurca în datorii;Expresie;0;1;1;0;0;1;0;1;0;0;DEX
7907;pune piedici;Expresie;0;1;1;0;0;0;0;1;0;0;ENG30-02557199-v
7908;ura succes;Expresie;1;0;0;1;0;0;0;0;0;0;DEX
7909;dori succes;Expresie;1;0;0;1;0;0;0;0;0;0;DEX
7915;între ciocan și nicovală;Expresie;0;1;0;0;0;1;0;1;0;0;DEX
7916;linie de sosire;Expresie;0;0;0;1;0;0;0;0;0;0;ENG30-08571459-n
7917;teatru de păpuși;Expresie;1;0;0;0;0;0;1;0;1;0;ENG30-07019633-n
7925;prost crescut;Expresie;0;1;1;0;1;0;0;0;0;0;ENG30-01950857-a
7927;porumbel călător;Expresie;1;0;0;1;0;0;0;0;0;0;ENG30-01814921-n
7928;porumbel de poștă;Expresie;1;0;0;1;0;0;0;0;0;0;ENG30-01814921-n
7929;porumbel voiajor;Expresie;1;0;0;1;0;0;0;0;0;0;ENG30-01814921-n
7931;stăpânire de sine;Expresie;1;0;0;0;0;0;0;0;0;1;ENG30-04862005-n
7932;cu sânge rece;Expresie;0;1;0;0;0;1;0;0;0;0;ENG30-00164890-r
7933;face praf;Expresie;0;1;0;0;0;0;0;1;0;0;DEX
7934;face praf și pulbere;Expresie;0;1;1;0;0;0;0;1;0;0;DEX
7935;arunca praf în ochi;Expresie;0;1;1;0;1;0;0;1;1;0;DEX
7939;inima cât un purice;Expresie;0;1;0;0;0;1;0;0;0;0;DEX
7957;vorbi verzi și uscate;Expresie;0;1;0;0;0;0;0;0;0;0;ENG30-00943281-v
7958;îndruga verzi și uscate;Expresie;0;1;0;0;0;0;0;0;0;0;ENG30-00943281-v
7971;saluta cu urale;Expresie;1;0;0;0;0;0;1;0;0;0;ENG30-00900376-v
7972;lua la sănătoasa;Expresie;0;0;0;0;0;1;0;0;0;0;DEX
7973;baie de sânge;Expresie;0;1;1;1;1;1;0;1;0;0;ENG30-00224260-n
7974;vărsare de sânge;Expresie;0;1;1;1;1;1;0;1;0;0;ENG30-00221178-n
7984;doamna cu coasa;Expresie;0;1;0;1;0;1;0;1;0;0;OTHER
7989;face spume;Expresie;0;1;1;0;0;0;0;0;0;0;ENG30-01795333-v
7990;bea de stinge;Expresie;0;1;1;0;1;0;0;0;0;0;DEX
7992;strângere de mână;Expresie;1;0;0;0;0;0;0;0;0;1;ENG30-06632097-n
7993;strânge mâna;Expresie;1;0;0;0;0;0;1;0;0;1;ENG30-00898019-v
7999;umăr la umăr;Expresie;1;0;0;0;0;0;0;0;0;1;DEX
8000;vinde gogoși;Expresie;0;1;0;0;1;0;0;0;1;0;DEX
8004;freca menta;Expresie;0;1;0;0;0;0;0;0;0;0;DEX
8005;lua nasul la purtare;Expresie;0;1;1;0;0;0;0;0;0;0;DEX
8006;face felul;Expresie;0;1;1;1;0;1;0;1;0;0;DEX
8007;călca pe bec;Expresie;0;1;0;0;0;0;0;0;0;0;DEX
8008;face de oaie;Expresie;0;1;0;0;0;1;0;0;0;0;DEX
8009;vinde castraveți grădinarului;Expresie;0;1;0;0;1;0;0;0;0;0;DEX
8010;vinde pielea ursului din pădure;Expresie;0;1;0;0;0;0;0;0;0;0;DEX
8011;da la rațe;Expresie;0;1;0;0;1;0;0;0;0;0;DEX
8012;umbla cu cioara vopsită;Expresie;0;1;1;0;0;0;0;0;0;0;DEX
8013;bate apa-n piuă;Expresie;0;1;0;0;0;0;0;0;0;0;DEX
8014;da cu oiștea-n gard;Expresie;0;1;0;0;0;0;0;0;0;0;DEX
8015;avea ac de cojocul cuiva;Expresie;0;1;1;0;0;1;0;0;0;0;DEX
8016;face cu ou și cu oțet;Expresie;0;1;1;0;0;1;0;1;0;0;DEX
8017;trage pe fund;Expresie;0;1;0;0;1;0;0;0;0;0;DEX
8018;ajunge cuțitul la os;Expresie;0;1;0;0;0;1;0;1;0;0;DEX
8019;duce cu preșul;Expresie;0;1;0;0;0;0;0;0;1;0;DEX
8020;băga mâna în foc;Expresie;1;0;0;0;0;0;0;0;0;1;DEX
8021;lupta cu morile de vânt;Expresie;0;1;1;0;0;0;0;1;0;0;DEX
8022;mâna porcii;Expresie;0;1;0;0;1;0;0;0;0;0;DEX
8023;trece ca gâsca prin apă;Expresie;0;1;1;0;0;0;0;1;0;0;DEX
8024;pica fisa;Expresie;1;0;0;0;0;0;0;0;1;0;DEX
8025;sta mintea în loc;Expresie;0;1;0;0;0;0;0;0;1;0;DEX
8026;veni inima la loc;Expresie;1;0;0;0;0;0;0;0;0;0;DEX
8027;afla locul;Expresie;1;0;0;1;0;0;0;0;0;0;DEX
8028;urechi de cârpă;Expresie;0;1;0;0;0;0;0;0;0;0;DEX
8029;face cârpă de șters pe jos;Expresie;0;1;1;0;1;0;0;0;0;0;DEX
8030;strânge cureaua;Expresie;0;1;0;1;0;0;0;1;0;0;DEX
8031;strânge de gât;Expresie;0;1;1;0;0;1;0;0;0;0;DEX
8032;călca în piatră seacă;Expresie;0;1;0;0;0;0;0;1;0;0;DEX
8033;avea o piatră pe inimă;Expresie;0;1;0;1;0;1;0;1;0;0;DEX
8034;sta o piatră pe inimă;Expresie;0;1;0;1;0;1;0;1;0;0;DEX
8035;pune o piatră pe inimă;Expresie;0;1;0;1;0;1;0;1;0;0;DEX
8036;arunca cu piatra;Expresie;0;1;0;0;1;0;0;0;0;0;DEX
8037;vorbe în vânt;Expresie;0;1;0;0;0;0;0;0;0;0;DEX
8038;vorbe goale;Expresie;0;1;0;0;0;0;0;0;0;0;DEX
8039;pune o vorbă bună;Expresie;1;0;0;0;0;0;0;0;0;1;DEX
8040;lungi vorba;Expresie;0;1;0;0;0;0;0;0;0;0;DEX
8041;întinde vorba;Expresie;0;1;0;0;0;0;0;0;0;0;DEX
8042;întrece cu vorba;Expresie;0;1;0;0;0;0;0;0;0;0;DEX
8043;tăia vorba;Expresie;0;1;1;0;0;0;0;0;0;0;DEX
8044;reteza vorba;Expresie;0;1;1;0;0;0;0;0;0;0;DEX
8045;înțepat la vorbă;Expresie;0;1;0;0;0;0;0;0;0;0;DEX
8046;zile negre;Expresie;0;1;0;1;0;1;0;1;0;0;OTHER
8047;negru pe alb;Expresie;0;0;0;0;0;0;0;0;0;1;DEX
8048;sărăcie neagră;Expresie;0;1;0;0;0;1;0;1;0;0;DEX
8049;face negru la față;Expresie;0;1;1;0;0;0;0;0;0;0;DEX
8050;suflet negru;Expresie;0;1;0;0;1;1;0;1;0;0;DEX
8051;face albul negru și negrul alb;Expresie;0;1;1;0;0;0;0;0;1;0;DEX
8052;negru înaintea ochilor;Expresie;0;1;0;0;0;1;0;0;0;0;DEX
8053;vedea totul în negru;Expresie;0;1;0;1;0;0;0;1;0;0;DEX
8054;zugrăvi totul în negru;Expresie;0;1;0;1;0;0;0;1;0;0;DEX
8055;pune pe numele cuiva;Expresie;0;0;0;0;0;0;0;0;0;1;DEX
8056;pune ochii pe;Expresie;0;0;0;1;0;0;0;0;0;0;DEX
8057;pune sânge rău la inimă;Expresie;0;1;1;0;0;0;0;1;0;0;DEX
8058;pune capul pentru cineva;Expresie;1;0;0;0;0;0;0;0;0;1;DEX
8059;pune la zid;Expresie;0;1;1;0;1;1;0;1;0;0;DEX
8060;pune capăt zilelor;Expresie;0;1;0;0;0;1;0;1;0;0;DEX
8061;pune cu gura pe;Expresie;0;1;0;0;0;0;0;0;0;0;DEX
8062;pune mână de la mână;Expresie;1;0;0;1;0;0;0;0;0;1;DEX
8063;pune pe gânduri;Expresie;0;1;0;0;0;1;0;0;0;0;DEX
8064;pune în valoare;Expresie;1;0;0;0;0;0;0;0;0;0;DEX
8065;trage la sorți;Expresie;0;0;0;0;0;0;0;0;1;0;DEX
8066;tras de păr;Expresie;0;1;0;0;0;0;0;0;0;0;DEX
8067;trage țărână;Expresie;0;0;0;0;0;0;0;1;0;0;DEX
8068;trage pe sfoară;Expresie;0;1;1;0;0;0;0;0;1;0;DEX
8069;trage piciorul;Expresie;0;1;0;0;0;0;0;1;0;0;DEX
8070;trage o spaimă;Expresie;0;1;0;0;0;1;0;0;0;0;DEX
8071;trage la măsea;Expresie;0;1;0;0;1;0;0;0;0;0;DEX
8072;trage chiulul;Expresie;0;1;1;0;0;0;0;0;0;0;DEX
8073;face capul calendar;Expresie;0;1;0;0;0;0;0;0;0;0;DEX
8074;pe nepusă masă;Expresie;0;0;0;0;0;0;0;0;1;0;DEX
8075;duce pe copcă;Expresie;0;1;0;0;0;1;0;1;0;0;DEX
8076;da ortul popii;Expresie;0;1;0;0;0;0;0;1;0;0;DEX
8077;da colțul;Expresie;0;1;0;0;0;0;0;1;0;0;DEX
8078;lipsi o doagă;Expresie;0;1;0;0;0;1;0;0;0;0;DEX
8079;ajunge în sapă de lemn;Expresie;0;1;0;0;0;1;0;1;0;0;DEX
8080;ascunde după deget;Expresie;0;1;1;0;1;0;0;0;0;0;DEX
8081;scoate din pepeni;Expresie;0;1;1;0;0;0;0;0;0;0;DEX
8082;sări muștarul;Expresie;0;1;1;0;0;0;0;0;0;0;DEX
8083;împroșca cu noroi;Expresie;0;1;1;0;1;0;0;1;0;0;DEX
8084;azvârli cu noroi în;Expresie;0;1;1;0;1;0;0;1;0;0;DEX
8085;coate-goale;Expresie;0;1;0;0;1;0;0;0;0;0;DEX
8086;colac peste pupăză;Expresie;0;1;0;0;0;0;0;1;0;0;DEX
8087;dus cu pluta;Expresie;0;1;0;0;0;1;0;0;0;0;DEX
8088;dus cu sorcova;Expresie;0;1;0;0;0;1;0;0;0;0;DEX
8089;ca pâinea lui Dumnezeu;Expresie;0;1;0;0;0;0;1;0;1;0;DEX
8090;cu fruntea sus;Expresie;1;0;0;0;0;0;0;0;0;1;DEX
8091;privi fără țintă;Expresie;0;1;0;0;0;0;0;1;0;0;DEX
8125;atac de panică;Expresie;0;1;0;1;0;1;0;0;0;0;ENG30-07521437-n
8126;atac de panică;Expresie;0;1;0;1;0;1;0;0;0;0;ENG30-14381249-n
8157;băga în ceață;Expresie;0;1;0;0;0;0;0;0;1;0;ENG30-00620673-v
8159;bun la inimă;Expresie;1;0;0;0;0;0;1;0;0;1;DEX
8162;căldură sufletească;Expresie;1;0;0;0;0;0;1;0;0;1;ENG30-07546279-n
8164;calea războiului;Expresie;0;1;1;1;0;1;0;1;0;0;
8185;cu inima grea;Expresie;0;1;0;0;0;0;0;1;0;0;
8193;de calitate proastă;Expresie;0;1;1;0;0;0;0;1;0;0;
8197;demn de invidiat;Expresie;1;1;0;0;0;0;0;0;0;0;
8213;dezgust de viaţă;Expresie;0;1;1;0;1;0;0;1;0;0;
8224;dragoste nebună;Expresie;1;1;0;0;0;0;1;0;0;1;
8235;călca pe nervi;Expresie;0;1;1;0;0;0;0;0;0;0;ENG30-01790538-v
8257;face haz;Expresie;1;0;0;0;0;0;1;0;0;0;ENG30-00855295-v
8258;fără chef;Expresie;0;1;0;1;1;0;0;1;0;0;
8264;fi fără inimă;Expresie;0;1;1;0;1;1;0;0;0;0;DEX
8265;fi pe plac;Expresie;1;0;0;0;0;0;1;0;0;1;DEX
8268;scoate fum;Expresie;0;1;1;0;0;0;0;0;0;0;ENG30-01787319-v
8269;scoate fum pe nări;Expresie;0;1;1;0;0;0;0;0;0;0;ENG30-01787319-v
8271;fire aprinsă;Expresie;0;1;1;0;0;0;0;0;0;0;
8297;ieși din fire;Expresie;0;1;1;0;0;0;0;0;0;0;DEX
8300;proastă dispoziție;Expresie;0;1;1;0;0;0;0;1;0;0;ENG30-07551498-n
8307;împietrire sufletească;Expresie;0;1;0;0;0;1;0;1;0;0;DEX
8315;împlini o dorinţă;Expresie;1;0;0;0;0;0;1;0;1;0;DEX
8356;îndoială de sine;Expresie;0;1;0;0;0;1;0;1;0;0;
8375;înfuriat la culme;Expresie;0;1;1;0;0;0;0;0;0;0;
8378;îngheța sângele în vene;Expresie;0;1;0;0;0;1;0;0;1;0;DEX
8379;îngheța sângele în vine;Expresie;0;1;0;0;0;1;0;0;1;0;DEX
8380;îngheța sîngele în vene;Expresie;0;1;0;0;0;1;0;0;1;0;DEX
8403;trezi interesul;Expresie;1;0;0;1;0;0;0;0;0;0;ENG30-01821423-v
8439;lăsa perplex;Expresie;0;1;0;0;0;0;0;0;1;0;ENG30-00622384-v
8440;pune în încurcătură;Expresie;0;1;0;0;0;0;0;0;1;0;ENG30-00622384-v
8445;lipsă de ajutor;Expresie;0;1;0;0;0;1;0;1;0;0;
8446;lipsă de apărare;Expresie;0;1;0;0;0;1;0;1;0;0;
8449;lua prin surprindere;Expresie;0;0;0;0;0;0;0;0;1;0;ENG30-00725274-v
8450;lua pe neașteptate;Expresie;0;0;0;0;0;0;0;0;1;0;ENG30-00725274-v
8461;mânios la culme;Expresie;0;1;1;0;0;0;0;0;0;0;
8476;mînios la culme;Expresie;0;1;1;0;0;0;0;0;0;0;
8492;muri de inimă rea;Expresie;0;1;0;0;0;0;0;1;0;0;DEX
8495;mustrare de conștiință;Expresie;0;0;0;0;1;1;0;1;0;0;ENG30-07536074-n
8499;părere de rău;Expresie;0;0;0;0;1;1;0;1;0;0;ENG30-07536245-n
8500;mustrare de conștiință;Expresie;0;0;0;0;1;1;0;1;0;0;ENG30-07536245-n
8547;nu putea suferi;Expresie;0;1;1;0;0;0;0;0;0;0;DEX
8560;saluta cu urale;Expresie;1;0;0;0;0;0;1;0;1;1;ENG30-00900376-v
8567;părea rău;Expresie;0;1;0;0;0;1;0;1;0;0;DEX
8573;pierde calmul;Expresie;0;1;1;0;0;0;0;0;0;0;
8574;pierde calmul;Expresie;0;1;0;0;0;1;0;0;0;0;
8575;pierde capul;Expresie;0;1;0;0;0;1;0;0;1;0;DEX
8576;pierde cu firea;Expresie;0;1;0;0;0;1;0;1;0;0;DEX
8577;pierde cumpătul;Expresie;0;1;1;0;0;0;0;0;0;0;DEX
8610;părere de rău;Expresie;1;0;0;0;1;1;0;1;0;0;ENG30-07536870-n
8620;presimţire rea;Expresie;0;1;0;1;0;1;0;1;0;0;
8623;toane proaste;Expresie;0;1;1;0;0;0;0;0;0;0;ENG30-07552087-n
8624;proastă dispoziție;Expresie;0;1;1;0;0;0;0;0;0;0;ENG30-07552087-n
8628;prost dispus;Expresie;0;1;1;0;0;0;0;1;0;0;DEX
8637;pune în încurcătură;Expresie;0;1;0;0;0;0;0;0;1;0;ENG30-00620379-v
8638;rău de gură;Expresie;0;1;1;0;0;0;0;0;0;0;DEX
8639;rău intenţionat;Expresie;0;1;1;0;0;1;0;0;0;0;DEX
8641;rea voință;Expresie;0;1;1;0;0;1;0;1;0;0;ENG30-04842313-n
8653;avea remușcări;Expresie;0;1;0;0;1;1;0;1;0;0;ENG30-01796582-v
8667;satisfacţie sufletească;Expresie;1;0;0;0;0;0;1;0;0;1;
8686;scoate din sărite;Expresie;0;1;1;0;0;1;0;0;0;0;ENG30-01787709-v
8687;scoate din minți;Expresie;0;1;1;0;0;1;0;0;0;0;ENG30-01787709-v
8689;scos din sărite;Expresie;0;0;1;0;0;0;0;0;0;0;DEX
8709;-și bate capul;Expresie;0;1;0;1;0;1;0;0;0;0;ENG30-01767163-v
8750;sentiment de culpabilitate;Expresie;0;1;0;0;0;1;0;1;0;0;DEX
8755;sete de răzbunare;Expresie;0;1;1;1;0;1;0;0;0;0;ENG30-07550891-n
8767;lua prin surprindere;Expresie;0;0;0;0;0;0;0;0;1;0;ENG30-01809064-v
8768;da pe spate;Expresie;0;0;0;0;0;0;0;0;1;0;ENG30-01809064-v
8791;strângere de inimă;Expresie;0;1;0;0;0;1;0;1;0;0;DEX
8803;prin surprindere;Expresie;0;0;0;0;0;0;0;0;1;0;ENG30-00483850-r
8804;pe nepusă masă;Expresie;0;0;0;0;0;0;0;0;1;0;ENG30-00483850-r
8815;băga în sperieți;Expresie;0;1;0;0;0;1;0;0;0;0;ENG30-01830965-v
8821;ţine la cineva;Expresie;1;0;0;0;0;0;1;0;0;1;DEX
8828;trafic de droguri;Expresie;0;1;0;0;1;1;0;0;0;0;ENG30-01114055-n
8829;trafic de stupefiante;Expresie;0;1;0;0;1;1;0;0;0;0;ENG30-01114055-n
8861;fi cu ochii;Expresie;0;0;0;1;0;0;0;0;0;0;ENG30-02455407-v
8866;milă față de sine;Expresie;0;1;0;0;0;0;0;1;0;0;ENG30-07538272-n
8905;apus de soare;Expresie;1;0;0;1;0;0;0;1;0;0;DEX
8907;armă de foc;Expresie;0;1;1;0;0;1;0;0;0;0;ENG30-03343853-n
8917;bătător la ochi;Expresie;0;1;0;0;0;0;0;0;0;0;DEX
8928;cădere nervoasă;Expresie;0;1;0;0;0;1;0;1;0;0;
8929;câine-câinește;Expresie;0;1;0;0;0;0;0;1;0;0;DEX
8931;câmp de luptă;Expresie;0;1;1;0;0;1;0;1;0;0;ENG30-08506641-n
8948;da chix;Expresie;0;1;1;0;1;0;0;1;0;0;DEX
8970;cu dragă inimă;Expresie;1;0;0;1;0;0;1;0;0;1;DEX
8971;cu forța;Expresie;0;1;1;0;0;1;0;0;0;0;DEX
8972;cunoscător;Expresie;1;0;0;0;0;0;0;0;0;1;DEX
8973;da de gol;Expresie;0;1;0;0;0;0;0;0;1;0;DEX
8974;da în judecată;Expresie;0;1;1;0;0;0;0;0;0;0;ENG30-02582450-v
8975;de comun acord;Expresie;1;0;0;0;0;0;0;0;0;1;DEX
8976;de bază;Expresie;0;0;0;0;0;0;0;0;0;1;DEX
8977;de rău augur;Expresie;0;1;0;1;0;1;0;0;0;0;DEX
8978;de bun augur;Expresie;1;0;0;1;0;0;1;0;0;0;DEX
8979;de mâna a doua;Expresie;0;1;0;0;1;0;0;0;0;0;DEX
8990;deranjat mintal;Expresie;0;1;0;0;1;1;0;0;0;0;
8999;domnișoară de onoare;Expresie;1;0;0;1;0;0;1;0;0;1;DEX
9001;dor de casă;Expresie;0;0;0;1;0;0;0;1;0;1;DEX
9003;drept de autor;Expresie;0;0;0;0;0;0;0;0;0;1;DEX
9005;durere de cap;Expresie;0;1;0;0;0;0;0;0;0;0;DEX
9006;dușmănie de moarte;Expresie;0;1;1;0;0;1;0;0;0;0;
9015;face paradă de;Expresie;0;1;0;0;1;0;0;0;0;0;DEX
9016;face schimb;Expresie;0;0;0;0;0;0;0;0;0;1;DEX
9018;fără adăpost;Expresie;0;1;0;0;0;1;0;1;0;0;
9019;fără apărare;Expresie;0;1;0;0;0;1;0;1;0;0;
9020;fără cusur;Expresie;1;0;0;0;0;0;0;0;0;1;DEX
9021;sac fără fund;Expresie;0;1;0;0;1;0;0;0;0;0;DEX
9022;fără îndoială;Expresie;0;0;0;0;0;0;0;0;0;1;DEX
9023;fără rost;Expresie;0;1;0;0;0;0;0;1;0;0;DEX
9024;fără sfârșit;Expresie;0;1;1;0;0;1;0;1;0;0;DEX
9025;fără simțire;Expresie;0;1;0;0;0;1;0;1;1;0;DEX
9026;fără valoare;Expresie;0;1;1;0;1;0;0;1;0;0;
9029;fierbe de mânie;Expresie;0;1;1;0;0;0;0;0;0;0;DEX
9034;gardă de corp;Expresie;1;0;0;0;0;0;0;0;0;1;DEX
9035;gardă personală;Expresie;1;0;0;0;0;0;0;0;0;1;DEX
9036;duce pe gârlă;Expresie;0;1;0;0;0;0;0;1;0;0;DEX
9039;ulei de geranium;Expresie;1;0;0;0;0;0;0;0;0;0;DEX
9044;arunca claie peste grămadă;Expresie;0;1;0;0;0;0;0;0;0;0;ENG30-01473020-v
9049;grijă;Expresie;0;1;0;1;0;1;0;0;0;0;DEX
9059;în cele din urmă;Expresie;0;0;0;1;0;0;0;0;0;0;DEX
9061;în culmea fericirii;Expresie;1;0;0;0;0;0;1;0;0;0;DEX
9062;în detrimentul;Expresie;0;1;0;0;0;0;0;0;0;0;DEX
9063;în viață;Expresie;1;0;0;0;0;0;1;0;1;1;DEX
9064;în voia sorții;Expresie;0;0;0;1;0;0;0;1;1;0;DEX
9072;inferior;Expresie;0;1;0;0;0;0;0;0;0;0;DEX
9080;întors pe dos;Expresie;0;1;1;0;0;0;0;1;0;0;DEX
9081;joc de noroc;Expresie;0;0;0;0;0;0;0;0;1;0;DEX
9082;Judecata de Apoi;Expresie;0;1;0;1;0;1;0;1;0;0;ENG30-15171307-n
9083;ziua judecății;Expresie;0;1;0;1;0;1;0;1;0;0;ENG30-15171307-n
9084;sfârșitul lumii;Expresie;0;1;0;1;0;1;0;1;0;0;ENG30-15171307-n
9085;la modă;Expresie;1;0;0;0;0;0;0;0;0;0;DEX
9086;da de naiba;Expresie;0;1;0;0;0;1;0;0;0;0;DEX
9088;lipsă de respect;Expresie;0;1;1;0;0;0;0;0;0;0;
9089;lipsit de mijloace;Expresie;0;1;0;0;0;0;0;1;0;0;DEX
9090;lună de miere;Expresie;1;0;0;1;0;0;1;0;1;1;DEX
9096;mic dejun;Expresie;1;0;0;0;0;0;0;0;0;0;
9110;numărătoare inversă;Expresie;0;0;0;1;0;0;0;0;0;0;DEX
9112;om de nimic;Expresie;0;1;1;0;1;0;0;0;0;0;DEX
9116;pe cale de dispariție;Expresie;0;1;0;0;0;1;0;1;0;0;DEX
9117;pe viață și pe moarte;Expresie;0;0;0;0;0;1;0;0;0;0;DEX
9119;pensie alimentară;Expresie;0;1;0;0;0;0;0;1;0;0;DEX
9120;piatră de temelie;Expresie;1;0;0;0;0;0;0;0;0;1;DEX
9122;plin de viață;Expresie;1;0;0;0;0;0;1;0;0;0;DEX
9125;praf de pușcă;Expresie;0;0;0;0;0;1;0;0;0;0;DEX
9129;punct culminant;Expresie;0;0;0;1;0;0;0;0;1;0;DEX
9135;ridica moralul;Expresie;1;0;0;0;0;0;1;0;0;1;DEX
9136;rochie de mireasă;Expresie;1;0;0;1;0;0;1;0;0;1;
9140;șarpe-cu-clopoței;Expresie;0;0;0;0;0;1;0;0;0;0;DEX
9148;șoarece de bibliotecă;Expresie;1;1;0;0;0;0;0;0;0;0;DEX
9151;sta bine;Expresie;1;0;0;0;0;0;0;0;0;0;DEX
9154;supt la față;Expresie;0;1;0;0;0;1;0;1;0;0;DEX
9157;țap ispășitor;Expresie;0;1;1;0;0;1;0;0;0;0;DEX
9158;timp liber;Expresie;1;0;0;1;0;0;1;0;1;0;DEX
9161;tras la față;Expresie;0;1;0;0;0;1;0;1;0;0;DEX
9164;cu ușurare;Expresie;1;0;0;0;0;0;1;0;0;0;DEX
9176;zori de zi;Expresie;1;0;0;1;0;0;1;0;0;1;DEX
